0.01,43.16
0.02,86.97
0.03,131.4
0.04,176.5
0.05,222.3
0.06,268.7
0.07,315.7
0.08,363.3
0.09,411.5
0.1,460.3
0.11,509.7
0.12,559.7
0.13,610.3
0.14,661.4
0.15,713.2
0.16,765.4
0.17,818.3
0.18,871.7
0.19,925.6
0.2,980.1
0.21,1035.0
0.22,1091.0
0.23,1147.0
0.24,1203.0
0.25,1260.0
0.26,1318.0
0.27,1376.0
0.28,1434.0
0.29,1493.0
0.3,1553.0
0.31,1613.0
0.32,1673.0
0.33,1734.0
0.34,1795.0
0.35,1857.0
0.36,1919.0
0.37,1982.0
0.38,2045.0
0.39,2108.0
0.4,2172.0
0.41,2236.0
0.42,2301.0
0.43,2366.0
0.44,2432.0
0.45,2498.0
0.46,2564.0
0.47,2631.0
0.48,2698.0
0.49,2765.0
0.5,2833.0
0.51,2901.0
0.52,2969.0
0.53,3038.0
0.54,3108.0
0.55,3177.0
0.56,3247.0
0.57,3317.0
0.58,3388.0
0.59,3459.0
0.6,3530.0
0.61,3602.0
0.62,3673.0
0.63,3746.0
0.64,3818.0
0.65,3891.0
0.66,3964.0
0.67,4037.0
0.68,4111.0
0.69,4185.0
0.7,4259.0
0.71,4334.0
0.72,4409.0
0.73,4484.0
0.74,4559.0
0.75,4635.0
0.76,4711.0
0.77,4787.0
0.78,4864.0
0.79,4940.0
0.8,5017.0
0.81,5095.0
0.82,5172.0
0.83,5250.0
0.84,5328.0
0.85,5406.0
0.86,5485.0
0.87,5563.0
0.88,5642.0
0.89,5721.0
0.9,5801.0
0.91,5881.0
0.92,5960.0
0.93,6040.0
0.94,6121.0
0.95,6201.0
0.96,6282.0
0.97,6363.0
0.98,6444.0
0.99,6525.0
1.0,6607.0
1.01,6689.0
1.02,6771.0
1.03,6853.0
1.04,6935.0
1.05,7018.0
1.06,7101.0
1.07,7184.0
1.08,7267.0
1.09,7350.0
1.1,7434.0
1.11,7517.0
1.12,7601.0
1.13,7685.0
1.14,7770.0
1.15,7854.0
1.16,7939.0
1.17,8023.0
1.18,8108.0
1.19,8193.0
1.2,8279.0
1.21,8364.0
1.22,8450.0
1.23,8535.0
1.24,8621.0
1.25,8708.0
1.26,8794.0
1.27,8880.0
1.28,8967.0
1.29,9053.0
1.3,9140.0
1.31,9227.0
1.32,9315.0
1.33,9402.0
1.34,9489.0
1.35,9577.0
1.36,9665.0
1.37,9753.0
1.38,9841.0
1.39,9929.0
1.4,10020.0
1.41,10110.0
1.42,10190.0
1.43,10280.0
1.44,10370.0
1.45,10460.0
1.46,10550.0
1.47,10640.0
1.48,10730.0
1.49,10820.0
1.5,10910.0
1.51,11000.0
1.52,11090.0
1.53,11180.0
1.54,11270.0
1.55,11360.0
1.56,11450.0
1.57,11540.0
1.58,11630.0
1.59,11720.0
1.6,11810.0
1.61,11900.0
1.62,11990.0
1.63,12090.0
1.64,12180.0
1.65,12270.0
1.66,12360.0
1.67,12450.0
1.68,12540.0
1.69,12640.0
1.7,12730.0
1.71,12820.0
1.72,12910.0
1.73,13000.0
1.74,13100.0
1.75,13190.0
1.76,13280.0
1.77,13370.0
1.78,13470.0
1.79,13560.0
1.8,13650.0
1.81,13750.0
1.82,13840.0
1.83,13930.0
1.84,14030.0
1.85,14120.0
1.86,14210.0
1.87,14310.0
1.88,14400.0
1.89,14500.0
1.9,14590.0
1.91,14680.0
1.92,14780.0
1.93,14870.0
1.94,14970.0
1.95,15060.0
1.96,15160.0
1.97,15250.0
1.98,15350.0
1.99,15440.0
2.0,15540.0
2.01,15630.0
2.02,15730.0
2.03,15820.0
2.04,15920.0
2.05,16010.0
2.06,16110.0
2.07,16200.0
2.08,16300.0
2.09,16400.0
2.1,16490.0
2.11,16590.0
2.12,16680.0
2.13,16780.0
2.14,16880.0
2.15,16970.0
2.16,17070.0
2.17,17170.0
2.18,17260.0
2.19,17360.0
2.2,17460.0
2.21,17550.0
2.22,17650.0
2.23,17750.0
2.24,17840.0
2.25,17940.0
2.26,18040.0
2.27,18140.0
2.28,18230.0
2.29,18330.0
2.3,18430.0
2.31,18520.0
2.32,18620.0
2.33,18720.0
2.34,18820.0
2.35,18920.0
2.36,19010.0
2.37,19110.0
2.38,19210.0
2.39,19310.0
2.4,19410.0
2.41,19500.0
2.42,19600.0
2.43,19700.0
2.44,19800.0
2.45,19900.0
2.46,20000.0
2.47,20100.0
2.48,20190.0
2.49,20290.0
2.5,20390.0
2.51,20490.0
2.52,20590.0
2.53,20690.0
2.54,20790.0
2.55,20890.0
2.56,20990.0
2.57,21090.0
2.58,21190.0
2.59,21290.0
2.6,21390.0
2.61,21480.0
2.62,21580.0
2.63,21680.0
2.64,21780.0
2.65,21880.0
2.66,21980.0
2.67,22080.0
2.68,22180.0
2.69,22280.0
2.7,22380.0
2.71,22480.0
2.72,22580.0
2.73,22690.0
2.74,22790.0
2.75,22890.0
2.76,22990.0
2.77,23090.0
2.78,23190.0
2.79,23290.0
2.8,23390.0
2.81,23490.0
2.82,23590.0
2.83,23690.0
2.84,23790.0
2.85,23890.0
2.86,24000.0
2.87,24100.0
2.88,24200.0
2.89,24300.0
2.9,24400.0
2.91,24500.0
2.92,24600.0
2.93,24710.0
2.94,24810.0
2.95,24910.0
2.96,25010.0
2.97,25110.0
2.98,25210.0
2.99,25320.0
3.0,25420.0
3.01,25520.0
3.02,25620.0
3.03,25720.0
3.04,25830.0
3.05,25930.0
3.06,26030.0
3.07,26130.0
3.08,26230.0
3.09,26340.0
3.1,26440.0
3.11,26540.0
3.12,26640.0
3.13,26750.0
3.14,26850.0
3.15,26950.0
3.16,27050.0
3.17,27160.0
3.18,27260.0
3.19,27360.0
3.2,27470.0
3.21,27570.0
3.22,27670.0
3.23,27770.0
3.24,27880.0
3.25,27980.0
3.26,28080.0
3.27,28190.0
3.28,28290.0
3.29,28390.0
3.3,28500.0
3.31,28600.0
3.32,28700.0
3.33,28810.0
3.34,28910.0
3.35,29020.0
3.36,29120.0
3.37,29220.0
3.38,29330.0
3.39,29430.0
3.4,29530.0
3.41,29640.0
3.42,29740.0
3.43,29850.0
3.44,29950.0
3.45,30050.0
3.46,30160.0
3.47,30260.0
3.48,30370.0
3.49,30470.0
3.5,30580.0
3.51,30680.0
3.52,30780.0
3.53,30890.0
3.54,30990.0
3.55,31100.0
3.56,31200.0
3.57,31310.0
3.58,31410.0
3.59,31520.0
3.6,31620.0
3.61,31730.0
3.62,31830.0
3.63,31940.0
3.64,32040.0
3.65,32140.0
3.66,32250.0
3.67,32350.0
3.68,32460.0
3.69,32560.0
3.7,32670.0
3.71,32780.0
3.72,32880.0
3.73,32990.0
3.74,33090.0
3.75,33200.0
3.76,33300.0
3.77,33410.0
3.78,33510.0
3.79,33620.0
3.8,33720.0
3.81,33830.0
3.82,33930.0
3.83,34040.0
3.84,34150.0
3.85,34250.0
3.86,34360.0
3.87,34460.0
3.88,34570.0
3.89,34680.0
3.9,34780.0
3.91,34890.0
3.92,34990.0
3.93,35100.0
3.94,35210.0
3.95,35310.0
3.96,35420.0
3.97,35520.0
3.98,35630.0
3.99,35740.0
4.0,35840.0
4.01,35950.0
4.02,36060.0
4.03,36160.0
4.04,36270.0
4.05,36370.0
4.06,36480.0
4.07,36590.0
4.08,36690.0
4.09,36800.0
4.1,36910.0
4.11,37010.0
4.12,37120.0
4.13,37230.0
4.14,37330.0
4.15,37440.0
4.16,37550.0
4.17,37650.0
4.18,37760.0
4.19,37870.0
4.2,37980.0
4.21,38080.0
4.22,38190.0
4.23,38300.0
4.24,38400.0
4.25,38510.0
4.26,38620.0
4.27,38730.0
4.28,38830.0
4.29,38940.0
4.3,39050.0
4.31,39150.0
4.32,39260.0
4.33,39370.0
4.34,39480.0
4.35,39580.0
4.36,39690.0
4.37,39800.0
4.38,39910.0
4.39,40010.0
4.4,40120.0
4.41,40230.0
4.42,40340.0
4.43,40450.0
4.44,40550.0
4.45,40660.0
4.46,40770.0
4.47,40880.0
4.48,40990.0
4.49,41090.0
4.5,41200.0
4.51,41310.0
4.52,41420.0
4.53,41530.0
4.54,41630.0
4.55,41740.0
4.56,41850.0
4.57,41960.0
4.58,42070.0
4.59,42170.0
4.6,42280.0
4.61,42390.0
4.62,42500.0
4.63,42610.0
4.64,42720.0
4.65,42820.0
4.66,42930.0
4.67,43040.0
4.68,43150.0
4.69,43260.0
4.7,43370.0
4.71,43480.0
4.72,43580.0
4.73,43690.0
4.74,43800.0
4.75,43910.0
4.76,44020.0
4.77,44130.0
4.78,44240.0
4.79,44350.0
4.8,44450.0
4.81,44560.0
4.82,44670.0
4.83,44780.0
4.84,44890.0
4.85,45000.0
4.86,45110.0
4.87,45220.0
4.88,45330.0
4.89,45440.0
4.9,45540.0
4.91,45650.0
4.92,45760.0
4.93,45870.0
4.94,45980.0
4.95,46090.0
4.96,46200.0
4.97,46310.0
4.98,46420.0
4.99,46530.0
5.0,46640.0
5.01,46750.0
5.02,46860.0
5.03,46970.0
5.04,47080.0
5.05,47190.0
5.06,47300.0
5.07,47400.0
5.08,47510.0
5.09,47620.0
5.1,47730.0
5.11,47840.0
5.12,47950.0
5.13,48060.0
5.14,48170.0
5.15,48280.0
5.16,48390.0
5.17,48500.0
5.18,48610.0
5.19,48720.0
5.2,48830.0
5.21,48940.0
5.22,49050.0
5.23,49160.0
5.24,49270.0
5.25,49380.0
5.26,49490.0
5.27,49600.0
5.28,49710.0
5.29,49820.0
5.3,49930.0
5.31,50040.0
5.32,50150.0
5.33,50260.0
5.34,50370.0
5.35,50490.0
5.36,50600.0
5.37,50710.0
5.38,50820.0
5.39,50930.0
5.4,51040.0
5.41,51150.0
5.42,51260.0
5.43,51370.0
5.44,51480.0
5.45,51590.0
5.46,51700.0
5.47,51810.0
5.48,51920.0
5.49,52030.0
5.5,52140.0
5.51,52250.0
5.52,52360.0
5.53,52480.0
5.54,52590.0
5.55,52700.0
5.56,52810.0
5.57,52920.0
5.58,53030.0
5.59,53140.0
5.6,53250.0
5.61,53360.0
5.62,53470.0
5.63,53580.0
5.64,53700.0
5.65,53810.0
5.66,53920.0
5.67,54030.0
5.68,54140.0
5.69,54250.0
5.7,54360.0
5.71,54470.0
5.72,54590.0
5.73,54700.0
5.74,54810.0
5.75,54920.0
5.76,55030.0
5.77,55140.0
5.78,55250.0
5.79,55360.0
5.8,55480.0
5.81,55590.0
5.82,55700.0
5.83,55810.0
5.84,55920.0
5.85,56030.0
5.86,56140.0
5.87,56260.0
5.88,56370.0
5.89,56480.0
5.9,56590.0
5.91,56700.0
5.92,56810.0
5.93,56930.0
5.94,57040.0
5.95,57150.0
5.96,57260.0
5.97,57370.0
5.98,57490.0
5.99,57600.0
6.0,57710.0
6.01,57820.0
6.02,57930.0
6.03,58040.0
6.04,58160.0
6.05,58270.0
6.06,58380.0
6.07,58490.0
6.08,58600.0
6.09,58720.0
6.1,58830.0
6.11,58940.0
6.12,59050.0
6.13,59160.0
6.14,59280.0
6.15,59390.0
6.16,59500.0
6.17,59610.0
6.18,59730.0
6.19,59840.0
6.2,59950.0
6.21,60060.0
6.22,60180.0
6.23,60290.0
6.24,60400.0
6.25,60510.0
6.26,60620.0
6.27,60740.0
6.28,60850.0
6.29,60960.0
6.3,61070.0
6.31,61190.0
6.32,61300.0
6.33,61410.0
6.34,61520.0
6.35,61640.0
6.36,61750.0
6.37,61860.0
6.38,61970.0
6.39,62090.0
6.4,62200.0
6.41,62310.0
6.42,62430.0
6.43,62540.0
6.44,62650.0
6.45,62760.0
6.46,62880.0
6.47,62990.0
6.48,63100.0
6.49,63220.0
6.5,63330.0
6.51,63440.0
6.52,63550.0
6.53,63670.0
6.54,63780.0
6.55,63890.0
6.56,64010.0
6.57,64120.0
6.58,64230.0
6.59,64340.0
6.6,64460.0
6.61,64570.0
6.62,64680.0
6.63,64800.0
6.64,64910.0
6.65,65020.0
6.66,65140.0
6.67,65250.0
6.68,65360.0
6.69,65480.0
6.7,65590.0
6.71,65700.0
6.72,65820.0
6.73,65930.0
6.74,66040.0
6.75,66160.0
6.76,66270.0
6.77,66380.0
6.78,66500.0
6.79,66610.0
6.8,66720.0
6.81,66840.0
6.82,66950.0
6.83,67060.0
6.84,67180.0
6.85,67290.0
6.86,67400.0
6.87,67520.0
6.88,67630.0
6.89,67740.0
6.9,67860.0
6.91,67970.0
6.92,68090.0
6.93,68200.0
6.94,68310.0
6.95,68430.0
6.96,68540.0
6.97,68650.0
6.98,68770.0
6.99,68880.0
7.0,69000.0
7.01,69110.0
7.02,69220.0
7.03,69340.0
7.04,69450.0
7.05,69560.0
7.06,69680.0
7.07,69790.0
7.08,69910.0
7.09,70020.0
7.1,70130.0
7.11,70250.0
7.12,70360.0
7.13,70480.0
7.14,70590.0
7.15,70700.0
7.16,70820.0
7.17,70930.0
7.18,71050.0
7.19,71160.0
7.2,71270.0
7.21,71390.0
7.22,71500.0
7.23,71620.0
7.24,71730.0
7.25,71850.0
7.26,71960.0
7.27,72070.0
7.28,72190.0
7.29,72300.0
7.3,72420.0
7.31,72530.0
7.32,72650.0
7.33,72760.0
7.34,72870.0
7.35,72990.0
7.36,73100.0
7.37,73220.0
7.38,73330.0
7.39,73450.0
7.4,73560.0
7.41,73680.0
7.42,73790.0
7.43,73900.0
7.44,74020.0
7.45,74130.0
7.46,74250.0
7.47,74360.0
7.48,74480.0
7.49,74590.0
7.5,74710.0
7.51,74820.0
7.52,74940.0
7.53,75050.0
7.54,75160.0
7.55,75280.0
7.56,75390.0
7.57,75510.0
7.58,75620.0
7.59,75740.0
7.6,75850.0
7.61,75970.0
7.62,76080.0
7.63,76200.0
7.64,76310.0
7.65,76430.0
7.66,76540.0
7.67,76660.0
7.68,76770.0
7.69,76890.0
7.7,77000.0
7.71,77120.0
7.72,77230.0
7.73,77350.0
7.74,77460.0
7.75,77580.0
7.76,77690.0
7.77,77810.0
7.78,77920.0
7.79,78040.0
7.8,78150.0
7.81,78270.0
7.82,78380.0
7.83,78500.0
7.84,78610.0
7.85,78730.0
7.86,78840.0
7.87,78960.0
7.88,79070.0
7.89,79190.0
7.9,79300.0
7.91,79420.0
7.92,79530.0
7.93,79650.0
7.94,79760.0
7.95,79880.0
7.96,80000.0
7.97,80110.0
7.98,80230.0
7.99,80340.0
8.0,80460.0
8.01,80570.0
8.02,80690.0
8.03,80800.0
8.04,80920.0
8.05,81030.0
8.06,81150.0
8.07,81260.0
8.08,81380.0
8.09,81500.0
8.1,81610.0
8.11,81730.0
8.12,81840.0
8.13,81960.0
8.14,82070.0
8.15,82190.0
8.16,82300.0
8.17,82420.0
8.18,82540.0
8.19,82650.0
8.2,82770.0
8.21,82880.0
8.22,83000.0
8.23,83110.0
8.24,83230.0
8.25,83350.0
8.26,83460.0
8.27,83580.0
8.28,83690.0
8.29,83810.0
8.3,83920.0
8.31,84040.0
8.32,84160.0
8.33,84270.0
8.34,84390.0
8.35,84500.0
8.36,84620.0
8.37,84740.0
8.38,84850.0
8.39,84970.0
8.4,85080.0
8.41,85200.0
8.42,85320.0
8.43,85430.0
8.44,85550.0
8.45,85660.0
8.46,85780.0
8.47,85900.0
8.48,86010.0
8.49,86130.0
8.5,86240.0
8.51,86360.0
8.52,86480.0
8.53,86590.0
8.54,86710.0
8.55,86820.0
8.56,86940.0
8.57,87060.0
8.58,87170.0
8.59,87290.0
8.6,87410.0
8.61,87520.0
8.62,87640.0
8.63,87750.0
8.64,87870.0
8.65,87990.0
8.66,88100.0
8.67,88220.0
8.68,88340.0
8.69,88450.0
8.7,88570.0
8.71,88680.0
8.72,88800.0
8.73,88920.0
8.74,89030.0
8.75,89150.0
8.76,89270.0
8.77,89380.0
8.78,89500.0
8.79,89620.0
8.8,89730.0
8.81,89850.0
8.82,89970.0
8.83,90080.0
8.84,90200.0
8.85,90310.0
8.86,90430.0
8.87,90550.0
8.88,90660.0
8.89,90780.0
8.9,90900.0
8.91,91010.0
8.92,91130.0
8.93,91250.0
8.94,91360.0
8.95,91480.0
8.96,91600.0
8.97,91710.0
8.98,91830.0
8.99,91950.0
9.0,92060.0
9.01,92180.0
9.02,92300.0
9.03,92410.0
9.04,92530.0
9.05,92650.0
9.06,92760.0
9.07,92880.0
9.08,93000.0
9.09,93120.0
9.1,93230.0
9.11,93350.0
9.12,93470.0
9.13,93580.0
9.14,93700.0
9.15,93820.0
9.16,93930.0
9.17,94050.0
9.18,94170.0
9.19,94280.0
9.2,94400.0
9.21,94520.0
9.22,94640.0
9.23,94750.0
9.24,94870.0
9.25,94990.0
9.26,95100.0
9.27,95220.0
9.28,95340.0
9.29,95450.0
9.3,95570.0
9.31,95690.0
9.32,95810.0
9.33,95920.0
9.34,96040.0
9.35,96160.0
9.36,96270.0
9.37,96390.0
9.38,96510.0
9.39,96630.0
9.4,96740.0
9.41,96860.0
9.42,96980.0
9.43,97090.0
9.44,97210.0
9.45,97330.0
9.46,97450.0
9.47,97560.0
9.48,97680.0
9.49,97800.0
9.5,97920.0
9.51,98030.0
9.52,98150.0
9.53,98270.0
9.54,98380.0
9.55,98500.0
9.56,98620.0
9.57,98740.0
9.58,98850.0
9.59,98970.0
9.6,99090.0
9.61,99210.0
9.62,99320.0
9.63,99440.0
9.64,99560.0
9.65,99680.0
9.66,99790.0
9.67,99910.0
9.68,100000.0
9.69,100100.0
9.7,100300.0
9.71,100400.0
9.72,100500.0
9.73,100600.0
9.74,100700.0
9.75,100900.0
9.76,101000.0
9.77,101100.0
9.78,101200.0
9.79,101300.0
9.8,101400.0
9.81,101600.0
9.82,101700.0
9.83,101800.0
9.84,101900.0
9.85,102000.0
9.86,102100.0
9.87,102300.0
9.88,102400.0
9.89,102500.0
9.9,102600.0
9.91,102700.0
9.92,102900.0
9.93,103000.0
9.94,103100.0
9.95,103200.0
9.96,103300.0
9.97,103400.0
9.98,103600.0
9.99,103700.0
10.0,103800.0
10.01,103900.0
10.02,104000.0
10.03,104100.0
10.04,104300.0
10.05,104400.0
10.06,104500.0
10.07,104600.0
10.08,104700.0
10.09,104900.0
10.1,105000.0
10.11,105100.0
10.12,105200.0
10.13,105300.0
10.14,105400.0
10.15,105600.0
10.16,105700.0
10.17,105800.0
10.18,105900.0
10.19,106000.0
10.2,106200.0
10.21,106300.0
10.22,106400.0
10.23,106500.0
10.24,106600.0
10.25,106700.0
10.26,106900.0
10.27,107000.0
10.28,107100.0
10.29,107200.0
10.3,107300.0
10.31,107500.0
10.32,107600.0
10.33,107700.0
10.34,107800.0
10.35,107900.0
10.36,108000.0
10.37,108200.0
10.38,108300.0
10.39,108400.0
10.4,108500.0
10.41,108600.0
10.42,108800.0
10.43,108900.0
10.44,109000.0
10.45,109100.0
10.46,109200.0
10.47,109300.0
10.48,109500.0
10.49,109600.0
10.5,109700.0
10.51,109800.0
10.52,109900.0
10.53,110100.0
10.54,110200.0
10.55,110300.0
10.56,110400.0
10.57,110500.0
10.58,110700.0
10.59,110800.0
10.6,110900.0
10.61,111000.0
10.62,111100.0
10.63,111200.0
10.64,111400.0
10.65,111500.0
10.66,111600.0
10.67,111700.0
10.68,111800.0
10.69,112000.0
10.7,112100.0
10.71,112200.0
10.72,112300.0
10.73,112400.0
10.74,112500.0
10.75,112700.0
10.76,112800.0
10.77,112900.0
10.78,113000.0
10.79,113100.0
10.8,113300.0
10.81,113400.0
10.82,113500.0
10.83,113600.0
10.84,113700.0
10.85,113900.0
10.86,114000.0
10.87,114100.0
10.88,114200.0
10.89,114300.0
10.9,114400.0
10.91,114600.0
10.92,114700.0
10.93,114800.0
10.94,114900.0
10.95,115000.0
10.96,115200.0
10.97,115300.0
10.98,115400.0
10.99,115500.0
11.0,115600.0
11.01,115800.0
11.02,115900.0
11.03,116000.0
11.04,116100.0
11.05,116200.0
11.06,116300.0
11.07,116500.0
11.08,116600.0
11.09,116700.0
11.1,116800.0
11.11,116900.0
11.12,117100.0
11.13,117200.0
11.14,117300.0
11.15,117400.0
11.16,117500.0
11.17,117700.0
11.18,117800.0
11.19,117900.0
11.2,118000.0
11.21,118100.0
11.22,118300.0
11.23,118400.0
11.24,118500.0
11.25,118600.0
11.26,118700.0
11.27,118800.0
11.28,119000.0
11.29,119100.0
11.3,119200.0
11.31,119300.0
11.32,119400.0
11.33,119600.0
11.34,119700.0
11.35,119800.0
11.36,119900.0
11.37,120000.0
11.38,120200.0
11.39,120300.0
11.4,120400.0
11.41,120500.0
11.42,120600.0
11.43,120800.0
11.44,120900.0
11.45,121000.0
11.46,121100.0
11.47,121200.0
11.48,121400.0
11.49,121500.0
11.5,121600.0
11.51,121700.0
11.52,121800.0
11.53,121900.0
11.54,122100.0
11.55,122200.0
11.56,122300.0
11.57,122400.0
11.58,122500.0
11.59,122700.0
11.6,122800.0
11.61,122900.0
11.62,123000.0
11.63,123100.0
11.64,123300.0
11.65,123400.0
11.66,123500.0
11.67,123600.0
11.68,123700.0
11.69,123900.0
11.7,124000.0
11.71,124100.0
11.72,124200.0
11.73,124300.0
11.74,124500.0
11.75,124600.0
11.76,124700.0
11.77,124800.0
11.78,124900.0
11.79,125100.0
11.8,125200.0
11.81,125300.0
11.82,125400.0
11.83,125500.0
11.84,125700.0
11.85,125800.0
11.86,125900.0
11.87,126000.0
11.88,126100.0
11.89,126300.0
11.9,126400.0
11.91,126500.0
11.92,126600.0
11.93,126700.0
11.94,126800.0
11.95,127000.0
11.96,127100.0
11.97,127200.0
11.98,127300.0
11.99,127400.0
12.0,127600.0
12.01,127700.0
12.02,127800.0
12.03,127900.0
12.04,128000.0
12.05,128200.0
12.06,128300.0
12.07,128400.0
12.08,128500.0
12.09,128600.0
12.1,128800.0
12.11,128900.0
12.12,129000.0
12.13,129100.0
12.14,129200.0
12.15,129400.0
12.16,129500.0
12.17,129600.0
12.18,129700.0
12.19,129800.0
12.2,130000.0
12.21,130100.0
12.22,130200.0
12.23,130300.0
12.24,130400.0
12.25,130600.0
12.26,130700.0
12.27,130800.0
12.28,130900.0
12.29,131000.0
12.3,131200.0
12.31,131300.0
12.32,131400.0
12.33,131500.0
12.34,131600.0
12.35,131800.0
12.36,131900.0
12.37,132000.0
12.38,132100.0
12.39,132200.0
12.4,132400.0
12.41,132500.0
12.42,132600.0
12.43,132700.0
12.44,132800.0
12.45,133000.0
12.46,133100.0
12.47,133200.0
12.48,133300.0
12.49,133400.0
12.5,133600.0
12.51,133700.0
12.52,133800.0
12.53,133900.0
12.54,134000.0
12.55,134200.0
12.56,134300.0
12.57,134400.0
12.58,134500.0
12.59,134600.0
12.6,134800.0
12.61,134900.0
12.62,135000.0
12.63,135100.0
12.64,135200.0
12.65,135400.0
12.66,135500.0
12.67,135600.0
12.68,135700.0
12.69,135900.0
12.7,136000.0
12.71,136100.0
12.72,136200.0
12.73,136300.0
12.74,136500.0
12.75,136600.0
12.76,136700.0
12.77,136800.0
12.78,136900.0
12.79,137100.0
12.8,137200.0
12.81,137300.0
12.82,137400.0
12.83,137500.0
12.84,137700.0
12.85,137800.0
12.86,137900.0
12.87,138000.0
12.88,138100.0
12.89,138300.0
12.9,138400.0
12.91,138500.0
12.92,138600.0
12.93,138700.0
12.94,138900.0
12.95,139000.0
12.96,139100.0
12.97,139200.0
12.98,139300.0
12.99,139500.0
13.0,139600.0
13.01,139700.0
13.02,139800.0
13.03,139900.0
13.04,140100.0
13.05,140200.0
13.06,140300.0
13.07,140400.0
13.08,140500.0
13.09,140700.0
13.1,140800.0
13.11,140900.0
13.12,141000.0
13.13,141200.0
13.14,141300.0
13.15,141400.0
13.16,141500.0
13.17,141600.0
13.18,141800.0
13.19,141900.0
13.2,142000.0
13.21,142100.0
13.22,142200.0
13.23,142400.0
13.24,142500.0
13.25,142600.0
13.26,142700.0
13.27,142800.0
13.28,143000.0
13.29,143100.0
13.3,143200.0
13.31,143300.0
13.32,143400.0
13.33,143600.0
13.34,143700.0
13.35,143800.0
13.36,143900.0
13.37,144000.0
13.38,144200.0
13.39,144300.0
13.4,144400.0
13.41,144500.0
13.42,144700.0
13.43,144800.0
13.44,144900.0
13.45,145000.0
13.46,145100.0
13.47,145300.0
13.48,145400.0
13.49,145500.0
13.5,145600.0
13.51,145700.0
13.52,145900.0
13.53,146000.0
13.54,146100.0
13.55,146200.0
13.56,146300.0
13.57,146500.0
13.58,146600.0
13.59,146700.0
13.6,146800.0
13.61,147000.0
13.62,147100.0
13.63,147200.0
13.64,147300.0
13.65,147400.0
13.66,147600.0
13.67,147700.0
13.68,147800.0
13.69,147900.0
13.7,148000.0
13.71,148200.0
13.72,148300.0
13.73,148400.0
13.74,148500.0
13.75,148600.0
13.76,148800.0
13.77,148900.0
13.78,149000.0
13.79,149100.0
13.8,149300.0
13.81,149400.0
13.82,149500.0
13.83,149600.0
13.84,149700.0
13.85,149900.0
13.86,150000.0
13.87,150100.0
13.88,150200.0
13.89,150300.0
13.9,150500.0
13.91,150600.0
13.92,150700.0
13.93,150800.0
13.94,150900.0
13.95,151100.0
13.96,151200.0
13.97,151300.0
13.98,151400.0
13.99,151600.0
14.0,151700.0
14.01,151800.0
14.02,151900.0
14.03,152000.0
14.04,152200.0
14.05,152300.0
14.06,152400.0
14.07,152500.0
14.08,152600.0
14.09,152800.0
14.1,152900.0
14.11,153000.0
14.12,153100.0
14.13,153300.0
14.14,153400.0
14.15,153500.0
14.16,153600.0
14.17,153700.0
14.18,153900.0
14.19,154000.0
14.2,154100.0
14.21,154200.0
14.22,154300.0
14.23,154500.0
14.24,154600.0
14.25,154700.0
14.26,154800.0
14.27,155000.0
14.28,155100.0
14.29,155200.0
14.3,155300.0
14.31,155400.0
14.32,155600.0
14.33,155700.0
14.34,155800.0
14.35,155900.0
14.36,156000.0
14.37,156200.0
14.38,156300.0
14.39,156400.0
14.4,156500.0
14.41,156700.0
14.42,156800.0
14.43,156900.0
14.44,157000.0
14.45,157100.0
14.46,157300.0
14.47,157400.0
14.48,157500.0
14.49,157600.0
14.5,157700.0
14.51,157900.0
14.52,158000.0
14.53,158100.0
14.54,158200.0
14.55,158400.0
14.56,158500.0
14.57,158600.0
14.58,158700.0
14.59,158800.0
14.6,159000.0
14.61,159100.0
14.62,159200.0
14.63,159300.0
14.64,159400.0
14.65,159600.0
14.66,159700.0
14.67,159800.0
14.68,159900.0
14.69,160100.0
14.7,160200.0
14.71,160300.0
14.72,160400.0
14.73,160500.0
14.74,160700.0
14.75,160800.0
14.76,160900.0
14.77,161000.0
14.78,161200.0
14.79,161300.0
14.8,161400.0
14.81,161500.0
14.82,161600.0
14.83,161800.0
14.84,161900.0
14.85,162000.0
14.86,162100.0
14.87,162200.0
14.88,162400.0
14.89,162500.0
14.9,162600.0
14.91,162700.0
14.92,162900.0
14.93,163000.0
14.94,163100.0
14.95,163200.0
14.96,163300.0
14.97,163500.0
14.98,163600.0
14.99,163700.0
15.0,163800.0
15.01,164000.0
15.02,164100.0
15.03,164200.0
15.04,164300.0
15.05,164400.0
15.06,164600.0
15.07,164700.0
15.08,164800.0
15.09,164900.0
15.1,165100.0
15.11,165200.0
15.12,165300.0
15.13,165400.0
15.14,165500.0
15.15,165700.0
15.16,165800.0
15.17,165900.0
15.18,166000.0
15.19,166200.0
15.2,166300.0
15.21,166400.0
15.22,166500.0
15.23,166600.0
15.24,166800.0
15.25,166900.0
15.26,167000.0
15.27,167100.0
15.28,167200.0
15.29,167400.0
15.3,167500.0
15.31,167600.0
15.32,167700.0
15.33,167900.0
15.34,168000.0
15.35,168100.0
15.36,168200.0
15.37,168300.0
15.38,168500.0
15.39,168600.0
15.4,168700.0
15.41,168800.0
15.42,169000.0
15.43,169100.0
15.44,169200.0
15.45,169300.0
15.46,169400.0
15.47,169600.0
15.48,169700.0
15.49,169800.0
15.5,169900.0
15.51,170100.0
15.52,170200.0
15.53,170300.0
15.54,170400.0
15.55,170500.0
15.56,170700.0
15.57,170800.0
15.58,170900.0
15.59,171000.0
15.6,171200.0
15.61,171300.0
15.62,171400.0
15.63,171500.0
15.64,171600.0
15.65,171800.0
15.66,171900.0
15.67,172000.0
15.68,172100.0
15.69,172300.0
15.7,172400.0
15.71,172500.0
15.72,172600.0
15.73,172700.0
15.74,172900.0
15.75,173000.0
15.76,173100.0
15.77,173200.0
15.78,173400.0
15.79,173500.0
15.8,173600.0
15.81,173700.0
15.82,173800.0
15.83,174000.0
15.84,174100.0
15.85,174200.0
15.86,174300.0
15.87,174500.0
15.88,174600.0
15.89,174700.0
15.9,174800.0
15.91,175000.0
15.92,175100.0
15.93,175200.0
15.94,175300.0
15.95,175400.0
15.96,175600.0
15.97,175700.0
15.98,175800.0
15.99,175900.0
16.0,176100.0
16.01,176200.0
16.02,176300.0
16.03,176400.0
16.04,176500.0
16.05,176700.0
16.06,176800.0
16.07,176900.0
16.08,177000.0
16.09,177200.0
16.1,177300.0
16.11,177400.0
16.12,177500.0
16.13,177600.0
16.14,177800.0
16.15,177900.0
16.16,178000.0
16.17,178100.0
16.18,178300.0
16.19,178400.0
16.2,178500.0
16.21,178600.0
16.22,178700.0
16.23,178900.0
16.24,179000.0
16.25,179100.0
16.26,179200.0
16.27,179400.0
16.28,179500.0
16.29,179600.0
16.3,179700.0
16.31,179900.0
16.32,180000.0
16.33,180100.0
16.34,180200.0
16.35,180300.0
16.36,180500.0
16.37,180600.0
16.38,180700.0
16.39,180800.0
16.4,181000.0
16.41,181100.0
16.42,181200.0
16.43,181300.0
16.44,181400.0
16.45,181600.0
16.46,181700.0
16.47,181800.0
16.48,181900.0
16.49,182100.0
16.5,182200.0
16.51,182300.0
16.52,182400.0
16.53,182600.0
16.54,182700.0
16.55,182800.0
16.56,182900.0
16.57,183000.0
16.58,183200.0
16.59,183300.0
16.6,183400.0
16.61,183500.0
16.62,183700.0
16.63,183800.0
16.64,183900.0
16.65,184000.0
16.66,184100.0
16.67,184300.0
16.68,184400.0
16.69,184500.0
16.7,184600.0
16.71,184800.0
16.72,184900.0
16.73,185000.0
16.74,185100.0
16.75,185300.0
16.76,185400.0
16.77,185500.0
16.78,185600.0
16.79,185700.0
16.8,185900.0
16.81,186000.0
16.82,186100.0
16.83,186200.0
16.84,186400.0
16.85,186500.0
16.86,186600.0
16.87,186700.0
16.88,186900.0
16.89,187000.0
16.9,187100.0
16.91,187200.0
16.92,187300.0
16.93,187500.0
16.94,187600.0
16.95,187700.0
16.96,187800.0
16.97,188000.0
16.98,188100.0
16.99,188200.0
17.0,188300.0
17.01,188400.0
17.02,188600.0
17.03,188700.0
17.04,188800.0
17.05,188900.0
17.06,189100.0
17.07,189200.0
17.08,189300.0
17.09,189400.0
17.1,189600.0
17.11,189700.0
17.12,189800.0
17.13,189900.0
17.14,190000.0
17.15,190200.0
17.16,190300.0
17.17,190400.0
17.18,190500.0
17.19,190700.0
17.2,190800.0
17.21,190900.0
17.22,191000.0
17.23,191200.0
17.24,191300.0
17.25,191400.0
17.26,191500.0
17.27,191600.0
17.28,191800.0
17.29,191900.0
17.3,192000.0
17.31,192100.0
17.32,192300.0
17.33,192400.0
17.34,192500.0
17.35,192600.0
17.36,192800.0
17.37,192900.0
17.38,193000.0
17.39,193100.0
17.4,193300.0
17.41,193400.0
17.42,193500.0
17.43,193600.0
17.44,193700.0
17.45,193900.0
17.46,194000.0
17.47,194100.0
17.48,194200.0
17.49,194400.0
17.5,194500.0
17.51,194600.0
17.52,194700.0
17.53,194900.0
17.54,195000.0
17.55,195100.0
17.56,195200.0
17.57,195300.0
17.58,195500.0
17.59,195600.0
17.6,195700.0
17.61,195800.0
17.62,196000.0
17.63,196100.0
17.64,196200.0
17.65,196300.0
17.66,196500.0
17.67,196600.0
17.68,196700.0
17.69,196800.0
17.7,196900.0
17.71,197100.0
17.72,197200.0
17.73,197300.0
17.74,197400.0
17.75,197600.0
17.76,197700.0
17.77,197800.0
17.78,197900.0
17.79,198100.0
17.8,198200.0
17.81,198300.0
17.82,198400.0
17.83,198600.0
17.84,198700.0
17.85,198800.0
17.86,198900.0
17.87,199000.0
17.88,199200.0
17.89,199300.0
17.9,199400.0
17.91,199500.0
17.92,199700.0
17.93,199800.0
17.94,199900.0
17.95,200000.0
17.96,200200.0
17.97,200300.0
17.98,200400.0
17.99,200500.0
18.0,200700.0
18.01,200800.0
18.02,200900.0
18.03,201000.0
18.04,201100.0
18.05,201300.0
18.06,201400.0
18.07,201500.0
18.08,201600.0
18.09,201800.0
18.1,201900.0
18.11,202000.0
18.12,202100.0
18.13,202300.0
18.14,202400.0
18.15,202500.0
18.16,202600.0
18.17,202800.0
18.18,202900.0
18.19,203000.0
18.2,203100.0
18.21,203200.0
18.22,203400.0
18.23,203500.0
18.24,203600.0
18.25,203700.0
18.26,203900.0
18.27,204000.0
18.28,204100.0
18.29,204200.0
18.3,204400.0
18.31,204500.0
18.32,204600.0
18.33,204700.0
18.34,204900.0
18.35,205000.0
18.36,205100.0
18.37,205200.0
18.38,205300.0
18.39,205500.0
18.4,205600.0
18.41,205700.0
18.42,205800.0
18.43,206000.0
18.44,206100.0
18.45,206200.0
18.46,206300.0
18.47,206500.0
18.48,206600.0
18.49,206700.0
18.5,206800.0
18.51,207000.0
18.52,207100.0
18.53,207200.0
18.54,207300.0
18.55,207500.0
18.56,207600.0
18.57,207700.0
18.58,207800.0
18.59,207900.0
18.6,208100.0
18.61,208200.0
18.62,208300.0
18.63,208400.0
18.64,208600.0
18.65,208700.0
18.66,208800.0
18.67,208900.0
18.68,209100.0
18.69,209200.0
18.7,209300.0
18.71,209400.0
18.72,209600.0
18.73,209700.0
18.74,209800.0
18.75,209900.0
18.76,210100.0
18.77,210200.0
18.78,210300.0
18.79,210400.0
18.8,210500.0
18.81,210700.0
18.82,210800.0
18.83,210900.0
18.84,211000.0
18.85,211200.0
18.86,211300.0
18.87,211400.0
18.88,211500.0
18.89,211700.0
18.9,211800.0
18.91,211900.0
18.92,212000.0
18.93,212200.0
18.94,212300.0
18.95,212400.0
18.96,212500.0
18.97,212700.0
18.98,212800.0
18.99,212900.0
19.0,213000.0
19.01,213100.0
19.02,213300.0
19.03,213400.0
19.04,213500.0
19.05,213600.0
19.06,213800.0
19.07,213900.0
19.08,214000.0
19.09,214100.0
19.1,214300.0
19.11,214400.0
19.12,214500.0
19.13,214600.0
19.14,214800.0
19.15,214900.0
19.16,215000.0
19.17,215100.0
19.18,215300.0
19.19,215400.0
19.2,215500.0
19.21,215600.0
19.22,215800.0
19.23,215900.0
19.24,216000.0
19.25,216100.0
19.26,216200.0
19.27,216400.0
19.28,216500.0
19.29,216600.0
19.3,216700.0
19.31,216900.0
19.32,217000.0
19.33,217100.0
19.34,217200.0
19.35,217400.0
19.36,217500.0
19.37,217600.0
19.38,217700.0
19.39,217900.0
19.4,218000.0
19.41,218100.0
19.42,218200.0
19.43,218400.0
19.44,218500.0
19.45,218600.0
19.46,218700.0
19.47,218900.0
19.48,219000.0
19.49,219100.0
19.5,219200.0
19.51,219400.0
19.52,219500.0
19.53,219600.0
19.54,219700.0
19.55,219800.0
19.56,220000.0
19.57,220100.0
19.58,220200.0
19.59,220300.0
19.6,220500.0
19.61,220600.0
19.62,220700.0
19.63,220800.0
19.64,221000.0
19.65,221100.0
19.66,221200.0
19.67,221300.0
19.68,221500.0
19.69,221600.0
19.7,221700.0
19.71,221800.0
19.72,222000.0
19.73,222100.0
19.74,222200.0
19.75,222300.0
19.76,222500.0
19.77,222600.0
19.78,222700.0
19.79,222800.0
19.8,223000.0
19.81,223100.0
19.82,223200.0
19.83,223300.0
19.84,223500.0
19.85,223600.0
19.86,223700.0
19.87,223800.0
19.88,223900.0
19.89,224100.0
19.9,224200.0
19.91,224300.0
19.92,224400.0
19.93,224600.0
19.94,224700.0
19.95,224800.0
19.96,224900.0
19.97,225100.0
19.98,225200.0
19.99,225300.0
20.0,225400.0
20.01,225600.0
20.02,225700.0
20.03,225800.0
20.04,225900.0
20.05,226100.0
20.06,226200.0
20.07,226300.0
20.08,226400.0
20.09,226600.0
20.1,226700.0
20.11,226800.0
20.12,226900.0
20.13,227100.0
20.14,227200.0
20.15,227300.0
20.16,227400.0
20.17,227600.0
20.18,227700.0
20.19,227800.0
20.2,227900.0
20.21,228100.0
20.22,228200.0
20.23,228300.0
20.24,228400.0
20.25,228600.0
20.26,228700.0
20.27,228800.0
20.28,228900.0
20.29,229000.0
20.3,229200.0
20.31,229300.0
20.32,229400.0
20.33,229500.0
20.34,229700.0
20.35,229800.0
20.36,229900.0
20.37,230000.0
20.38,230200.0
20.39,230300.0
20.4,230400.0
20.41,230500.0
20.42,230700.0
20.43,230800.0
20.44,230900.0
20.45,231000.0
20.46,231200.0
20.47,231300.0
20.48,231400.0
20.49,231500.0
20.5,231700.0
20.51,231800.0
20.52,231900.0
20.53,232000.0
20.54,232200.0
20.55,232300.0
20.56,232400.0
20.57,232500.0
20.58,232700.0
20.59,232800.0
20.6,232900.0
20.61,233000.0
20.62,233200.0
20.63,233300.0
20.64,233400.0
20.65,233500.0
20.66,233700.0
20.67,233800.0
20.68,233900.0
20.69,234000.0
20.7,234200.0
20.71,234300.0
20.72,234400.0
20.73,234500.0
20.74,234700.0
20.75,234800.0
20.76,234900.0
20.77,235000.0
20.78,235200.0
20.79,235300.0
20.8,235400.0
20.81,235500.0
20.82,235700.0
20.83,235800.0
20.84,235900.0
20.85,236000.0
20.86,236100.0
20.87,236300.0
20.88,236400.0
20.89,236500.0
20.9,236600.0
20.91,236800.0
20.92,236900.0
20.93,237000.0
20.94,237100.0
20.95,237300.0
20.96,237400.0
20.97,237500.0
20.98,237600.0
20.99,237800.0
21.0,237900.0
21.01,238000.0
21.02,238100.0
21.03,238300.0
21.04,238400.0
21.05,238500.0
21.06,238600.0
21.07,238800.0
21.08,238900.0
21.09,239000.0
21.1,239100.0
21.11,239300.0
21.12,239400.0
21.13,239500.0
21.14,239600.0
21.15,239800.0
21.16,239900.0
21.17,240000.0
21.18,240100.0
21.19,240300.0
21.2,240400.0
21.21,240500.0
21.22,240600.0
21.23,240800.0
21.24,240900.0
21.25,241000.0
21.26,241100.0
21.27,241300.0
21.28,241400.0
21.29,241500.0
21.3,241600.0
21.31,241800.0
21.32,241900.0
21.33,242000.0
21.34,242100.0
21.35,242300.0
21.36,242400.0
21.37,242500.0
21.38,242600.0
21.39,242800.0
21.4,242900.0
21.41,243000.0
21.42,243100.0
21.43,243300.0
21.44,243400.0
21.45,243500.0
21.46,243600.0
21.47,243800.0
21.48,243900.0
21.49,244000.0
21.5,244100.0
21.51,244300.0
21.52,244400.0
21.53,244500.0
21.54,244600.0
21.55,244800.0
21.56,244900.0
21.57,245000.0
21.58,245100.0
21.59,245300.0
21.6,245400.0
21.61,245500.0
21.62,245600.0
21.63,245800.0
21.64,245900.0
21.65,246000.0
21.66,246100.0
21.67,246300.0
21.68,246400.0
21.69,246500.0
21.7,246600.0
21.71,246800.0
21.72,246900.0
21.73,247000.0
21.74,247100.0
21.75,247300.0
21.76,247400.0
21.77,247500.0
21.78,247600.0
21.79,247800.0
21.8,247900.0
21.81,248000.0
21.82,248100.0
21.83,248300.0
21.84,248400.0
21.85,248500.0
21.86,248600.0
21.87,248800.0
21.88,248900.0
21.89,249000.0
21.9,249100.0
21.91,249300.0
21.92,249400.0
21.93,249500.0
21.94,249600.0
21.95,249800.0
21.96,249900.0
21.97,250000.0
21.98,250100.0
21.99,250300.0
22.0,250400.0
22.01,250500.0
22.02,250600.0
22.03,250800.0
22.04,250900.0
22.05,251000.0
22.06,251100.0
22.07,251300.0
22.08,251400.0
22.09,251500.0
22.1,251600.0
22.11,251800.0
22.12,251900.0
22.13,252000.0
22.14,252100.0
22.15,252300.0
22.16,252400.0
22.17,252500.0
22.18,252600.0
22.19,252800.0
22.2,252900.0
22.21,253000.0
22.22,253100.0
22.23,253300.0
22.24,253400.0
22.25,253500.0
22.26,253600.0
22.27,253800.0
22.28,253900.0
22.29,254000.0
22.3,254100.0
22.31,254300.0
22.32,254400.0
22.33,254500.0
22.34,254600.0
22.35,254800.0
22.36,254900.0
22.37,255000.0
22.38,255100.0
22.39,255300.0
22.4,255400.0
22.41,255500.0
22.42,255600.0
22.43,255800.0
22.44,255900.0
22.45,256000.0
22.46,256100.0
22.47,256300.0
22.48,256400.0
22.49,256500.0
22.5,256600.0
22.51,256800.0
22.52,256900.0
22.53,257000.0
22.54,257200.0
22.55,257300.0
22.56,257400.0
22.57,257500.0
22.58,257700.0
22.59,257800.0
22.6,257900.0
22.61,258000.0
22.62,258200.0
22.63,258300.0
22.64,258400.0
22.65,258500.0
22.66,258700.0
22.67,258800.0
22.68,258900.0
22.69,259000.0
22.7,259200.0
22.71,259300.0
22.72,259400.0
22.73,259500.0
22.74,259700.0
22.75,259800.0
22.76,259900.0
22.77,260000.0
22.78,260200.0
22.79,260300.0
22.8,260400.0
22.81,260500.0
22.82,260700.0
22.83,260800.0
22.84,260900.0
22.85,261000.0
22.86,261200.0
22.87,261300.0
22.88,261400.0
22.89,261500.0
22.9,261700.0
22.91,261800.0
22.92,261900.0
22.93,262000.0
22.94,262200.0
22.95,262300.0
22.96,262400.0
22.97,262500.0
22.98,262700.0
22.99,262800.0
23.0,262900.0
23.01,263000.0
23.02,263200.0
23.03,263300.0
23.04,263400.0
23.05,263500.0
23.06,263700.0
23.07,263800.0
23.08,263900.0
23.09,264000.0
23.1,264200.0
23.11,264300.0
23.12,264400.0
23.13,264500.0
23.14,264700.0
23.15,264800.0
23.16,264900.0
23.17,265100.0
23.18,265200.0
23.19,265300.0
23.2,265400.0
23.21,265600.0
23.22,265700.0
23.23,265800.0
23.24,265900.0
23.25,266100.0
23.26,266200.0
23.27,266300.0
23.28,266400.0
23.29,266600.0
23.3,266700.0
23.31,266800.0
23.32,266900.0
23.33,267100.0
23.34,267200.0
23.35,267300.0
23.36,267400.0
23.37,267600.0
23.38,267700.0
23.39,267800.0
23.4,267900.0
23.41,268100.0
23.42,268200.0
23.43,268300.0
23.44,268400.0
23.45,268600.0
23.46,268700.0
23.47,268800.0
23.48,268900.0
23.49,269100.0
23.5,269200.0
23.51,269300.0
23.52,269400.0
23.53,269600.0
23.54,269700.0
23.55,269800.0
23.56,269900.0
23.57,270100.0
23.58,270200.0
23.59,270300.0
23.6,270500.0
23.61,270600.0
23.62,270700.0
23.63,270800.0
23.64,271000.0
23.65,271100.0
23.66,271200.0
23.67,271300.0
23.68,271500.0
23.69,271600.0
23.7,271700.0
23.71,271800.0
23.72,272000.0
23.73,272100.0
23.74,272200.0
23.75,272300.0
23.76,272500.0
23.77,272600.0
23.78,272700.0
23.79,272800.0
23.8,273000.0
23.81,273100.0
23.82,273200.0
23.83,273300.0
23.84,273500.0
23.85,273600.0
23.86,273700.0
23.87,273800.0
23.88,274000.0
23.89,274100.0
23.9,274200.0
23.91,274300.0
23.92,274500.0
23.93,274600.0
23.94,274700.0
23.95,274900.0
23.96,275000.0
23.97,275100.0
23.98,275200.0
23.99,275400.0
24.0,275500.0
24.01,275600.0
24.02,275700.0
24.03,275900.0
24.04,276000.0
24.05,276100.0
24.06,276200.0
24.07,276400.0
24.08,276500.0
24.09,276600.0
24.1,276700.0
24.11,276900.0
24.12,277000.0
24.13,277100.0
24.14,277200.0
24.15,277400.0
24.16,277500.0
24.17,277600.0
24.18,277700.0
24.19,277900.0
24.2,278000.0
24.21,278100.0
24.22,278200.0
24.23,278400.0
24.24,278500.0
24.25,278600.0
24.26,278800.0
24.27,278900.0
24.28,279000.0
24.29,279100.0
24.3,279300.0
24.31,279400.0
24.32,279500.0
24.33,279600.0
24.34,279800.0
24.35,279900.0
24.36,280000.0
24.37,280100.0
24.38,280300.0
24.39,280400.0
24.4,280500.0
24.41,280600.0
24.42,280800.0
24.43,280900.0
24.44,281000.0
24.45,281100.0
24.46,281300.0
24.47,281400.0
24.48,281500.0
24.49,281600.0
24.5,281800.0
24.51,281900.0
24.52,282000.0
24.53,282100.0
24.54,282300.0
24.55,282400.0
24.56,282500.0
24.57,282700.0
24.58,282800.0
24.59,282900.0
24.6,283000.0
24.61,283200.0
24.62,283300.0
24.63,283400.0
24.64,283500.0
24.65,283700.0
24.66,283800.0
24.67,283900.0
24.68,284000.0
24.69,284200.0
24.7,284300.0
24.71,284400.0
24.72,284500.0
24.73,284700.0
24.74,284800.0
24.75,284900.0
24.76,285000.0
24.77,285200.0
24.78,285300.0
24.79,285400.0
24.8,285600.0
24.81,285700.0
24.82,285800.0
24.83,285900.0
24.84,286100.0
24.85,286200.0
24.86,286300.0
24.87,286400.0
24.88,286600.0
24.89,286700.0
24.9,286800.0
24.91,286900.0
24.92,287100.0
24.93,287200.0
24.94,287300.0
24.95,287400.0
24.96,287600.0
24.97,287700.0
24.98,287800.0
24.99,287900.0
25.0,288100.0
25.01,288200.0
25.02,288300.0
25.03,288500.0
25.04,288600.0
25.05,288700.0
25.06,288800.0
25.07,289000.0
25.08,289100.0
25.09,289200.0
25.1,289300.0
25.11,289500.0
25.12,289600.0
25.13,289700.0
25.14,289800.0
25.15,290000.0
25.16,290100.0
25.17,290200.0
25.18,290300.0
25.19,290500.0
25.2,290600.0
25.21,290700.0
25.22,290800.0
25.23,291000.0
25.24,291100.0
25.25,291200.0
25.26,291400.0
25.27,291500.0
25.28,291600.0
25.29,291700.0
25.3,291900.0
25.31,292000.0
25.32,292100.0
25.33,292200.0
25.34,292400.0
25.35,292500.0
25.36,292600.0
25.37,292700.0
25.38,292900.0
25.39,293000.0
25.4,293100.0
25.41,293200.0
25.42,293400.0
25.43,293500.0
25.44,293600.0
25.45,293700.0
25.46,293900.0
25.47,294000.0
25.48,294100.0
25.49,294300.0
25.5,294400.0
25.51,294500.0
25.52,294600.0
25.53,294800.0
25.54,294900.0
25.55,295000.0
25.56,295100.0
25.57,295300.0
25.58,295400.0
25.59,295500.0
25.6,295600.0
25.61,295800.0
25.62,295900.0
25.63,296000.0
25.64,296100.0
25.65,296300.0
25.66,296400.0
25.67,296500.0
25.68,296700.0
25.69,296800.0
25.7,296900.0
25.71,297000.0
25.72,297200.0
25.73,297300.0
25.74,297400.0
25.75,297500.0
25.76,297700.0
25.77,297800.0
25.78,297900.0
25.79,298000.0
25.8,298200.0
25.81,298300.0
25.82,298400.0
25.83,298500.0
25.84,298700.0
25.85,298800.0
25.86,298900.0
25.87,299100.0
25.88,299200.0
25.89,299300.0
25.9,299400.0
25.91,299600.0
25.92,299700.0
25.93,299800.0
25.94,299900.0
25.95,300100.0
25.96,300200.0
25.97,300300.0
25.98,300400.0
25.99,300600.0
26.0,300700.0
26.01,300800.0
26.02,300900.0
26.03,301100.0
26.04,301200.0
26.05,301300.0
26.06,301500.0
26.07,301600.0
26.08,301700.0
26.09,301800.0
26.1,302000.0
26.11,302100.0
26.12,302200.0
26.13,302300.0
26.14,302500.0
26.15,302600.0
26.16,302700.0
26.17,302800.0
26.18,303000.0
26.19,303100.0
26.2,303200.0
26.21,303300.0
26.22,303500.0
26.23,303600.0
26.24,303700.0
26.25,303900.0
26.26,304000.0
26.27,304100.0
26.28,304200.0
26.29,304400.0
26.3,304500.0
26.31,304600.0
26.32,304700.0
26.33,304900.0
26.34,305000.0
26.35,305100.0
26.36,305200.0
26.37,305400.0
26.38,305500.0
26.39,305600.0
26.4,305800.0
26.41,305900.0
26.42,306000.0
26.43,306100.0
26.44,306300.0
26.45,306400.0
26.46,306500.0
26.47,306600.0
26.48,306800.0
26.49,306900.0
26.5,307000.0
26.51,307100.0
26.52,307300.0
26.53,307400.0
26.54,307500.0
26.55,307600.0
26.56,307800.0
26.57,307900.0
26.58,308000.0
26.59,308200.0
26.6,308300.0
26.61,308400.0
26.62,308500.0
26.63,308700.0
26.64,308800.0
26.65,308900.0
26.66,309000.0
26.67,309200.0
26.68,309300.0
26.69,309400.0
26.7,309500.0
26.71,309700.0
26.72,309800.0
26.73,309900.0
26.74,310100.0
26.75,310200.0
26.76,310300.0
26.77,310400.0
26.78,310600.0
26.79,310700.0
26.8,310800.0
26.81,310900.0
26.82,311100.0
26.83,311200.0
26.84,311300.0
26.85,311400.0
26.86,311600.0
26.87,311700.0
26.88,311800.0
26.89,312000.0
26.9,312100.0
26.91,312200.0
26.92,312300.0
26.93,312500.0
26.94,312600.0
26.95,312700.0
26.96,312800.0
26.97,313000.0
26.98,313100.0
26.99,313200.0
27.0,313300.0
27.01,313500.0
27.02,313600.0
27.03,313700.0
27.04,313800.0
27.05,314000.0
27.06,314100.0
27.07,314200.0
27.08,314400.0
27.09,314500.0
27.1,314600.0
27.11,314700.0
27.12,314900.0
27.13,315000.0
27.14,315100.0
27.15,315200.0
27.16,315400.0
27.17,315500.0
27.18,315600.0
27.19,315700.0
27.2,315900.0
27.21,316000.0
27.22,316100.0
27.23,316300.0
27.24,316400.0
27.25,316500.0
27.26,316600.0
27.27,316800.0
27.28,316900.0
27.29,317000.0
27.3,317100.0
27.31,317300.0
27.32,317400.0
27.33,317500.0
27.34,317600.0
27.35,317800.0
27.36,317900.0
27.37,318000.0
27.38,318200.0
27.39,318300.0
27.4,318400.0
27.41,318500.0
27.42,318700.0
27.43,318800.0
27.44,318900.0
27.45,319000.0
27.46,319200.0
27.47,319300.0
27.48,319400.0
27.49,319600.0
27.5,319700.0
27.51,319800.0
27.52,319900.0
27.53,320100.0
27.54,320200.0
27.55,320300.0
27.56,320400.0
27.57,320600.0
27.58,320700.0
27.59,320800.0
27.6,320900.0
27.61,321100.0
27.62,321200.0
27.63,321300.0
27.64,321500.0
27.65,321600.0
27.66,321700.0
27.67,321800.0
27.68,322000.0
27.69,322100.0
27.7,322200.0
27.71,322300.0
27.72,322500.0
27.73,322600.0
27.74,322700.0
27.75,322800.0
27.76,323000.0
27.77,323100.0
27.78,323200.0
27.79,323400.0
27.8,323500.0
27.81,323600.0
27.82,323700.0
27.83,323900.0
27.84,324000.0
27.85,324100.0
27.86,324200.0
27.87,324400.0
27.88,324500.0
27.89,324600.0
27.9,324700.0
27.91,324900.0
27.92,325000.0
27.93,325100.0
27.94,325300.0
27.95,325400.0
27.96,325500.0
27.97,325600.0
27.98,325800.0
27.99,325900.0
28.0,326000.0
28.01,326100.0
28.02,326300.0
28.03,326400.0
28.04,326500.0
28.05,326700.0
28.06,326800.0
28.07,326900.0
28.08,327000.0
28.09,327200.0
28.1,327300.0
28.11,327400.0
28.12,327500.0
28.13,327700.0
28.14,327800.0
28.15,327900.0
28.16,328000.0
28.17,328200.0
28.18,328300.0
28.19,328400.0
28.2,328600.0
28.21,328700.0
28.22,328800.0
28.23,328900.0
28.24,329100.0
28.25,329200.0
28.26,329300.0
28.27,329400.0
28.28,329600.0
28.29,329700.0
28.3,329800.0
28.31,330000.0
28.32,330100.0
28.33,330200.0
28.34,330300.0
28.35,330500.0
28.36,330600.0
28.37,330700.0
28.38,330800.0
28.39,331000.0
28.4,331100.0
28.41,331200.0
28.42,331300.0
28.43,331500.0
28.44,331600.0
28.45,331700.0
28.46,331900.0
28.47,332000.0
28.48,332100.0
28.49,332200.0
28.5,332400.0
28.51,332500.0
28.52,332600.0
28.53,332700.0
28.54,332900.0
28.55,333000.0
28.56,333100.0
28.57,333300.0
28.58,333400.0
28.59,333500.0
28.6,333600.0
28.61,333800.0
28.62,333900.0
28.63,334000.0
28.64,334100.0
28.65,334300.0
28.66,334400.0
28.67,334500.0
28.68,334700.0
28.69,334800.0
28.7,334900.0
28.71,335000.0
28.72,335200.0
28.73,335300.0
28.74,335400.0
28.75,335500.0
28.76,335700.0
28.77,335800.0
28.78,335900.0
28.79,336000.0
28.8,336200.0
28.81,336300.0
28.82,336400.0
28.83,336600.0
28.84,336700.0
28.85,336800.0
28.86,336900.0
28.87,337100.0
28.88,337200.0
28.89,337300.0
28.9,337400.0
28.91,337600.0
28.92,337700.0
28.93,337800.0
28.94,338000.0
28.95,338100.0
28.96,338200.0
28.97,338300.0
28.98,338500.0
28.99,338600.0
29.0,338700.0
29.01,338800.0
29.02,339000.0
29.03,339100.0
29.04,339200.0
29.05,339400.0
29.06,339500.0
29.07,339600.0
29.08,339700.0
29.09,339900.0
29.1,340000.0
29.11,340100.0
29.12,340200.0
29.13,340400.0
29.14,340500.0
29.15,340600.0
29.16,340800.0
29.17,340900.0
29.18,341000.0
29.19,341100.0
29.2,341300.0
29.21,341400.0
29.22,341500.0
29.23,341600.0
29.24,341800.0
29.25,341900.0
29.26,342000.0
29.27,342200.0
29.28,342300.0
29.29,342400.0
29.3,342500.0
29.31,342700.0
29.32,342800.0
29.33,342900.0
29.34,343000.0
29.35,343200.0
29.36,343300.0
29.37,343400.0
29.38,343600.0
29.39,343700.0
29.4,343800.0
29.41,343900.0
29.42,344100.0
29.43,344200.0
29.44,344300.0
29.45,344400.0
29.46,344600.0
29.47,344700.0
29.48,344800.0
29.49,345000.0
29.5,345100.0
29.51,345200.0
29.52,345300.0
29.53,345500.0
29.54,345600.0
29.55,345700.0
29.56,345800.0
29.57,346000.0
29.58,346100.0
29.59,346200.0
29.6,346300.0
29.61,346500.0
29.62,346600.0
29.63,346700.0
29.64,346900.0
29.65,347000.0
29.66,347100.0
29.67,347200.0
29.68,347400.0
29.69,347500.0
29.7,347600.0
29.71,347700.0
29.72,347900.0
29.73,348000.0
29.74,348100.0
29.75,348300.0
29.76,348400.0
29.77,348500.0
29.78,348600.0
29.79,348800.0
29.8,348900.0
29.81,349000.0
29.82,349200.0
29.83,349300.0
29.84,349400.0
29.85,349500.0
29.86,349700.0
29.87,349800.0
29.88,349900.0
29.89,350000.0
29.9,350200.0
29.91,350300.0
29.92,350400.0
29.93,350600.0
29.94,350700.0
29.95,350800.0
29.96,350900.0
29.97,351100.0
29.98,351200.0
29.99,351300.0
30.0,351400.0
